{
    "bag_size_test": [
        16.0
    ],
    "bag_size_train": [
        16.0
    ],
    "c_index_test": [
        0.7816500711237553
    ],
    "c_index_train": [
        0.9951397326852977
    ],
    "loss_test": [
        12044.9228515625
    ],
    "loss_train": [
        202479.453125
    ],
    "surv_loss_test": [
        12044.9228515625
    ],
    "surv_loss_train": [
        202479.453125
    ]
}