{
    "bag_size_test": [
        16.0
    ],
    "bag_size_train": [
        16.0
    ],
    "c_index_test": [
        0.841688654353562
    ],
    "c_index_train": [
        0.9932952570151478
    ],
    "loss_test": [
        675.6004638671875
    ],
    "loss_train": [
        7598.2578125
    ],
    "surv_loss_test": [
        675.6004638671875
    ],
    "surv_loss_train": [
        7598.2578125
    ]
}