{
    "bag_size_test": [
        16.0
    ],
    "bag_size_train": [
        16.0
    ],
    "c_index_test": [
        0.8414248021108179
    ],
    "c_index_train": [
        0.9932952570151478
    ],
    "loss_test": [
        675.4119262695312
    ],
    "loss_train": [
        7595.3984375
    ],
    "surv_loss_test": [
        675.4119262695312
    ],
    "surv_loss_train": [
        7595.3984375
    ]
}