bag_size_train,surv_loss_train,loss_train,c_index_train,bag_size_test,surv_loss_test,loss_test,c_index_test
16.0,7595.3984375,7595.3984375,0.9932952570151478,16.0,675.4119262695312,675.4119262695312,0.8414248021108179
