{
    "bag_size_test": [
        16.0
    ],
    "bag_size_train": [
        16.0
    ],
    "c_index_test": [
        0.7875095201827875
    ],
    "c_index_train": [
        0.9943907980687304
    ],
    "loss_test": [
        313.88482666015625
    ],
    "loss_train": [
        18124.40625
    ],
    "surv_loss_test": [
        313.88482666015625
    ],
    "surv_loss_train": [
        18124.40625
    ]
}