bag_size_train,surv_loss_train,loss_train,c_index_train,bag_size_test,surv_loss_test,loss_test,c_index_test
16.0,18124.40625,18124.40625,0.9943907980687304,16.0,313.88482666015625,313.88482666015625,0.7875095201827875
