{
    "bag_size_test": [
        16.0
    ],
    "bag_size_train": [
        16.0
    ],
    "c_index_test": [
        0.8006872852233677
    ],
    "c_index_train": [
        0.996283185840708
    ],
    "loss_test": [
        2596.573486328125
    ],
    "loss_train": [
        47074.890625
    ],
    "surv_loss_test": [
        2596.573486328125
    ],
    "surv_loss_train": [
        47074.890625
    ]
}