{
    "bag_size_test": [
        16.0
    ],
    "bag_size_train": [
        16.0
    ],
    "c_index_test": [
        0.8259911894273128
    ],
    "c_index_train": [
        0.9928053446011534
    ],
    "loss_test": [
        474.231689453125
    ],
    "loss_train": [
        122940.328125
    ],
    "surv_loss_test": [
        474.231689453125
    ],
    "surv_loss_train": [
        122940.328125
    ]
}